FROM_cell_ID,TO_cell_ID,dist,From_gate,To_gate,From_Position,To_Position,mean_dist,median_dist,count_NN_radius,radius
117_1,617_1,10.2,Helper T cells,Leukocytes,1,1,139.62,118.8,162,300
124_1,559_1,13,Helper T cells,Leukocytes,1,1,173.91,150.9,141,300
127_1,234_1,9.6,Helper T cells,Leukocytes,1,1,289.76,265.7,96,300
14_1,9_1,33,Helper T cells,Leukocytes,1,1,323.32,304.6,76,300
159_1,442_1,5.9,Helper T cells,Leukocytes,1,1,141.98,128.8,156,300
168_1,301_1,7.1,Helper T cells,Leukocytes,1,1,154.22,142.8,151,300
171_1,582_1,5.6,Helper T cells,Leukocytes,1,1,219.49,193.9,123,300
190_1,382_1,14.2,Helper T cells,Leukocytes,1,1,139.4,116,163,300
197_1,559_1,7.2,Helper T cells,Leukocytes,1,1,184.12,159.5,139,300
205_1,430_1,19,Helper T cells,Leukocytes,1,1,140.4,130.1,162,300
213_1,321_1,14.8,Helper T cells,Leukocytes,1,1,139.49,128.1,160,300
221_1,301_1,7.2,Helper T cells,Leukocytes,1,1,152.25,143.6,152,300
241_1,408_1,8.6,Helper T cells,Leukocytes,1,1,137.5,119.3,161,300
246_1,550_1,6.1,Helper T cells,Leukocytes,1,1,142.16,120.5,159,300
261_1,382_1,7,Helper T cells,Leukocytes,1,1,143.09,122.5,162,300
267_1,753_1,13.2,Helper T cells,Leukocytes,1,1,146.97,135.2,154,300
274_1,647_1,6,Helper T cells,Leukocytes,1,1,268.92,278.3,100,300
293_1,107_1,7.2,Helper T cells,Leukocytes,1,1,161.93,152.7,150,300
301_1,168_1,7.1,Helper T cells,Leukocytes,1,1,152.44,144,152,300
318_1,412_1,12,Helper T cells,Leukocytes,1,1,175.92,157.6,143,300
326_1,513_1,19.8,Helper T cells,Leukocytes,1,1,196.08,168.5,130,300
330_1,550_1,6.2,Helper T cells,Leukocytes,1,1,140.26,118.5,162,300
363_1,442_1,10.3,Helper T cells,Leukocytes,1,1,139.47,124.4,160,300
366_1,506_1,8.1,Helper T cells,Leukocytes,1,1,227.02,227.4,123,300
371_1,660_1,5.8,Helper T cells,Leukocytes,1,1,181.96,164.2,139,300
376_1,832_1,7.8,Helper T cells,Leukocytes,1,1,226.68,217.9,129,300
38_1,753_1,22,Helper T cells,Leukocytes,1,1,156.88,138.1,148,300
408_1,534_1,7.4,Helper T cells,Leukocytes,1,1,137.2,118.8,162,300
426_1,806_1,14,Helper T cells,Leukocytes,1,1,158.23,154.4,162,300
442_1,159_1,5.9,Helper T cells,Leukocytes,1,1,140.99,127.9,157,300
482_1,805_1,7.2,Helper T cells,Leukocytes,1,1,161.79,154.6,152,300
500_1,485_1,25.5,Helper T cells,Leukocytes,1,1,171.68,150.2,137,300
513_1,689_1,7.8,Helper T cells,Leukocytes,1,1,192.37,168.6,135,300
526_1,582_1,4.1,Helper T cells,Leukocytes,1,1,221.23,196,123,300
535_1,350_1,27.7,Helper T cells,Leukocytes,1,1,200.57,187.8,135,300
537_1,737_1,5,Helper T cells,Leukocytes,1,1,246.8,247.2,114,300
538_1,181_1,6.5,Helper T cells,Leukocytes,1,1,174.91,173.6,159,300
550_1,232_1,6,Helper T cells,Leukocytes,1,1,141.46,117.8,159,300
559_1,197_1,7.2,Helper T cells,Leukocytes,1,1,180.49,156.8,140,300
582_1,526_1,4.1,Helper T cells,Leukocytes,1,1,218.06,193.2,124,300
593_1,159_1,8.6,Helper T cells,Leukocytes,1,1,141.59,121.1,156,300
615_1,582_1,5.6,Helper T cells,Leukocytes,1,1,214.7,187.8,125,300
618_1,637_1,2.9,Helper T cells,Leukocytes,1,1,262.03,275.6,107,300
660_1,793_1,4.7,Helper T cells,Leukocytes,1,1,182.86,167.9,141,300
687_1,578_1,6.7,Helper T cells,Leukocytes,1,1,138.04,115.9,163,300
689_1,513_1,7.8,Helper T cells,Leukocytes,1,1,191.39,170.3,135,300
701_1,515_1,20.1,Helper T cells,Leukocytes,1,1,173.66,158.7,137,300
738_1,781_1,4.6,Helper T cells,Leukocytes,1,1,178.45,159.4,142,300
753_1,267_1,13.2,Helper T cells,Leukocytes,1,1,150.41,136.9,149,300
765_1,360_1,16,Helper T cells,Leukocytes,1,1,172.48,154.9,138,300
785_1,624_1,8.1,Helper T cells,Leukocytes,1,1,180.25,179.1,158,300
789_1,618_1,3.4,Helper T cells,Leukocytes,1,1,263.04,277.4,106,300
793_1,660_1,4.7,Helper T cells,Leukocytes,1,1,185.68,167.8,138,300
91_1,95_1,13,Helper T cells,Leukocytes,1,1,155.8,139.4,153,300
95_1,293_1,9.6,Helper T cells,Leukocytes,1,1,160.73,145.8,149,300
117_1,406_1,58.6,Helper T cells,Tumor cells,1,1,170.2,150.55,129,300
124_1,470_1,47.4,Helper T cells,Tumor cells,1,1,209.13,213.85,112,300
127_1,404_1,47.5,Helper T cells,Tumor cells,1,1,254.34,172.5,84,300
14_1,165_1,49.9,Helper T cells,Tumor cells,1,1,293.76,233.3,83,300
159_1,290_1,75.1,Helper T cells,Tumor cells,1,1,185.61,177.95,119,300
168_1,290_1,49.8,Helper T cells,Tumor cells,1,1,200.77,195.35,118,300
171_1,680_1,42.1,Helper T cells,Tumor cells,1,1,207.75,147.2,93,300
190_1,406_1,39.6,Helper T cells,Tumor cells,1,1,166.34,149.65,125,300
197_1,470_1,46.2,Helper T cells,Tumor cells,1,1,215.85,221.75,111,300
205_1,594_1,60,Helper T cells,Tumor cells,1,1,178.87,159.35,131,300
213_1,594_1,76,Helper T cells,Tumor cells,1,1,181.13,168.3,128,300
221_1,290_1,63.6,Helper T cells,Tumor cells,1,1,198.55,193.75,118,300
241_1,406_1,68,Helper T cells,Tumor cells,1,1,176.14,158.85,130,300
246_1,594_1,20.5,Helper T cells,Tumor cells,1,1,165.86,151.35,121,300
261_1,406_1,40.4,Helper T cells,Tumor cells,1,1,164.28,143.45,121,300
267_1,290_1,59.7,Helper T cells,Tumor cells,1,1,190.78,189.05,118,300
274_1,625_1,52.3,Helper T cells,Tumor cells,1,1,303.65,361.45,49,300
293_1,470_1,26,Helper T cells,Tumor cells,1,1,197.53,204.65,115,300
301_1,290_1,56.9,Helper T cells,Tumor cells,1,1,198.95,193.8,118,300
318_1,470_1,30.7,Helper T cells,Tumor cells,1,1,208.75,220.1,113,300
326_1,758_1,17.5,Helper T cells,Tumor cells,1,1,183.6,137.35,99,300
330_1,406_1,28.3,Helper T cells,Tumor cells,1,1,166.58,150.9,124,300
363_1,406_1,87,Helper T cells,Tumor cells,1,1,181.19,171.05,125,300
366_1,596_1,39.1,Helper T cells,Tumor cells,1,1,269.02,317.15,57,300
371_1,531_1,37.7,Helper T cells,Tumor cells,1,1,188.31,175.9,101,300
376_1,596_1,47.6,Helper T cells,Tumor cells,1,1,270.27,310.6,59,300
38_1,755_1,48.5,Helper T cells,Tumor cells,1,1,197.36,203.7,115,300
408_1,406_1,59.5,Helper T cells,Tumor cells,1,1,173.74,155.7,131,300
426_1,594_1,77.5,Helper T cells,Tumor cells,1,1,195.45,180.6,129,300
442_1,290_1,79.7,Helper T cells,Tumor cells,1,1,184.34,175.4,122,300
482_1,290_1,84.6,Helper T cells,Tumor cells,1,1,206.34,204.8,118,300
500_1,601_1,8.4,Helper T cells,Tumor cells,1,1,160.43,120.6,105,300
513_1,758_1,28.7,Helper T cells,Tumor cells,1,1,188.14,155.8,101,300
526_1,680_1,37.8,Helper T cells,Tumor cells,1,1,207.3,144.8,91,300
535_1,400_1,24.4,Helper T cells,Tumor cells,1,1,242.14,277.95,83,300
537_1,596_1,13,Helper T cells,Tumor cells,1,1,287.9,340.2,52,300
538_1,700_1,21.5,Helper T cells,Tumor cells,1,1,190.73,185.9,119,300
550_1,406_1,22.1,Helper T cells,Tumor cells,1,1,164.96,149.35,121,300
559_1,470_1,46.5,Helper T cells,Tumor cells,1,1,213.52,219.85,112,300
582_1,854_1,39.6,Helper T cells,Tumor cells,1,1,204.88,142.55,93,300
593_1,290_1,79.4,Helper T cells,Tumor cells,1,1,184.13,174.7,120,300
615_1,854_1,38.9,Helper T cells,Tumor cells,1,1,203.07,142.55,94,300
618_1,625_1,65,Helper T cells,Tumor cells,1,1,299,356.8,49,300
660_1,531_1,43.2,Helper T cells,Tumor cells,1,1,191.13,180.95,101,300
687_1,594_1,44.2,Helper T cells,Tumor cells,1,1,170.7,151.6,129,300
689_1,758_1,35,Helper T cells,Tumor cells,1,1,190.29,163.25,101,300
701_1,683_1,12.2,Helper T cells,Tumor cells,1,1,168.17,137.95,116,300
738_1,531_1,46.7,Helper T cells,Tumor cells,1,1,190.35,186.85,103,300
753_1,423_1,54.8,Helper T cells,Tumor cells,1,1,193.22,195.6,118,300
765_1,531_1,5,Helper T cells,Tumor cells,1,1,169.46,146.5,104,300
785_1,700_1,25.6,Helper T cells,Tumor cells,1,1,194.27,190.75,119,300
789_1,625_1,68.4,Helper T cells,Tumor cells,1,1,300.28,358.45,49,300
793_1,531_1,43.8,Helper T cells,Tumor cells,1,1,192.58,177.8,101,300
91_1,470_1,37,Helper T cells,Tumor cells,1,1,193.17,196.3,117,300
95_1,470_1,35.4,Helper T cells,Tumor cells,1,1,197.84,207.4,115,300
100_1,293_1,11,Leukocytes,Helper T cells,1,1,146.89,124.1,53,300
104_1,127_1,42.4,Leukocytes,Helper T cells,1,1,256.77,243.8,39,300
105_1,127_1,50.8,Leukocytes,Helper T cells,1,1,269.16,254.8,37,300
107_1,293_1,7.2,Leukocytes,Helper T cells,1,1,143.81,124.8,53,300
110_1,124_1,31.7,Leukocytes,Helper T cells,1,1,161.6,135.6,49,300
115_1,538_1,7.8,Leukocytes,Helper T cells,1,1,168.25,139.7,54,300
117_1,190_1,19.1,Leukocytes,Helper T cells,1,1,120.69,102.9,53,300
120_1,14_1,38.7,Leukocytes,Helper T cells,1,1,280.36,284.3,30,300
124_1,559_1,13,Leukocytes,Helper T cells,1,1,158.86,141.1,49,300
126_1,124_1,42.8,Leukocytes,Helper T cells,1,1,171.35,147.8,49,300
127_1,14_1,149.2,Leukocytes,Helper T cells,1,1,296.98,287.15,30,300
129_1,261_1,19.2,Leukocytes,Helper T cells,1,1,134.26,125.6,52,300
133_1,538_1,15,Leukocytes,Helper T cells,1,1,154.61,126.9,54,300
14_1,526_1,127,Leukocytes,Helper T cells,1,1,318.59,325,22,300
148_1,538_1,27,Leukocytes,Helper T cells,1,1,152,117.3,54,300
159_1,442_1,5.9,Leukocytes,Helper T cells,1,1,117.23,101.3,52,300
161_1,701_1,22.1,Leukocytes,Helper T cells,1,1,154.91,152.4,51,300
162_1,127_1,65.8,Leukocytes,Helper T cells,1,1,248.87,231.9,45,300
167_1,267_1,17,Leukocytes,Helper T cells,1,1,122.71,101.5,53,300
168_1,301_1,7.1,Leukocytes,Helper T cells,1,1,131.2,118.9,52,300
171_1,582_1,5.6,Leukocytes,Helper T cells,1,1,199.81,196.1,43,300
177_1,168_1,34.1,Leukocytes,Helper T cells,1,1,149.54,135.1,53,300
181_1,538_1,6.5,Leukocytes,Helper T cells,1,1,165.77,137.7,54,300
186_1,274_1,14.1,Leukocytes,Helper T cells,1,1,278.65,276.8,34,300
190_1,261_1,16.9,Leukocytes,Helper T cells,1,1,120.38,107.6,54,300
192_1,197_1,28,Leukocytes,Helper T cells,1,1,180.83,166,49,300
197_1,559_1,7.2,Leukocytes,Helper T cells,1,1,171.22,151.35,48,300
205_1,213_1,19.2,Leukocytes,Helper T cells,1,1,116.26,112.05,53,300
207_1,127_1,60.9,Leukocytes,Helper T cells,1,1,237.82,219.8,44,300
213_1,241_1,16.6,Leukocytes,Helper T cells,1,1,114.7,121.25,53,300
220_1,241_1,10.8,Leukocytes,Helper T cells,1,1,112.61,106.4,54,300
221_1,301_1,7.2,Leukocytes,Helper T cells,1,1,128.52,124.75,52,300
232_1,550_1,6,Leukocytes,Helper T cells,1,1,119.89,107.6,55,300
234_1,127_1,9.6,Leukocytes,Helper T cells,1,1,288.62,277,31,300
235_1,701_1,47.9,Leukocytes,Helper T cells,1,1,166.42,145.6,49,300
241_1,408_1,8.6,Leukocytes,Helper T cells,1,1,113.8,116.4,53,300
246_1,550_1,6.1,Leukocytes,Helper T cells,1,1,121.69,103.7,53,300
261_1,190_1,16.9,Leukocytes,Helper T cells,1,1,127.31,116.7,54,300
267_1,753_1,13.2,Leukocytes,Helper T cells,1,1,123.52,97.2,52,300
274_1,618_1,17.2,Leukocytes,Helper T cells,1,1,270.21,264.7,36,300
283_1,246_1,25.1,Leukocytes,Helper T cells,1,1,126.84,108.2,52,300
284_1,261_1,33.5,Leukocytes,Helper T cells,1,1,136.77,128,54,300
285_1,124_1,48.5,Leukocytes,Helper T cells,1,1,175.32,151.4,48,300
291_1,168_1,17.1,Leukocytes,Helper T cells,1,1,137.81,123.3,53,300
293_1,95_1,9.6,Leukocytes,Helper T cells,1,1,144.63,125.1,52,300
299_1,261_1,16.8,Leukocytes,Helper T cells,1,1,133.72,127.7,54,300
301_1,168_1,7.1,Leukocytes,Helper T cells,1,1,128.89,118.5,52,300
307_1,14_1,34,Leukocytes,Helper T cells,1,1,301.45,306.7,27,300
310_1,117_1,14,Leukocytes,Helper T cells,1,1,114.68,98.2,54,300
318_1,559_1,15.8,Leukocytes,Helper T cells,1,1,161.51,145.1,50,300
321_1,213_1,14.8,Leukocytes,Helper T cells,1,1,116.07,124,53,300
326_1,513_1,19.8,Leukocytes,Helper T cells,1,1,176.84,174.2,47,300
329_1,127_1,48,Leukocytes,Helper T cells,1,1,251.92,235.8,43,300
330_1,550_1,6.2,Leukocytes,Helper T cells,1,1,119.51,102.35,54,300
350_1,376_1,22.5,Leukocytes,Helper T cells,1,1,205.34,186.6,46,300
360_1,765_1,16,Leukocytes,Helper T cells,1,1,142.27,127.1,51,300
362_1,261_1,39,Leukocytes,Helper T cells,1,1,141.8,136,54,300
363_1,442_1,10.3,Leukocytes,Helper T cells,1,1,115.03,106.05,53,300
365_1,246_1,33.3,Leukocytes,Helper T cells,1,1,131.92,109.7,52,300
366_1,537_1,31.1,Leukocytes,Helper T cells,1,1,222.69,207.85,39,300
367_1,371_1,12,Leukocytes,Helper T cells,1,1,149.53,139.3,50,300
370_1,550_1,13.1,Leukocytes,Helper T cells,1,1,122.36,111.4,54,300
371_1,660_1,5.8,Leukocytes,Helper T cells,1,1,158.84,149.65,49,300
375_1,789_1,9.6,Leukocytes,Helper T cells,1,1,252.42,249.3,39,300
376_1,537_1,34.7,Leukocytes,Helper T cells,1,1,219.25,195.75,43,300
38_1,753_1,22,Leukocytes,Helper T cells,1,1,137,122.2,52,300
382_1,261_1,7,Leukocytes,Helper T cells,1,1,123.7,115.4,55,300
391_1,789_1,45.9,Leukocytes,Helper T cells,1,1,266.43,262,34,300
399_1,701_1,23.2,Leukocytes,Helper T cells,1,1,150.24,142.7,51,300
408_1,241_1,8.6,Leukocytes,Helper T cells,1,1,114.17,111.25,53,300
412_1,318_1,12,Leukocytes,Helper T cells,1,1,150.6,127.5,53,300
417_1,535_1,29.7,Leukocytes,Helper T cells,1,1,190.46,163.7,48,300
426_1,482_1,43,Leukocytes,Helper T cells,1,1,134.8,118.05,54,300
427_1,426_1,27,Leukocytes,Helper T cells,1,1,136.47,104.7,52,300
430_1,687_1,8,Leukocytes,Helper T cells,1,1,114.23,104.8,55,300
432_1,513_1,10.7,Leukocytes,Helper T cells,1,1,173.95,169.5,48,300
439_1,615_1,13,Leukocytes,Helper T cells,1,1,184.64,184.5,47,300
44_1,127_1,60.1,Leukocytes,Helper T cells,1,1,277.47,263.8,35,300
442_1,159_1,5.9,Leukocytes,Helper T cells,1,1,116.07,106.4,52,300
446_1,738_1,13.8,Leukocytes,Helper T cells,1,1,146.83,126.9,52,300
455_1,246_1,17.7,Leukocytes,Helper T cells,1,1,120.17,98.6,54,300
462_1,127_1,64.6,Leukocytes,Helper T cells,1,1,235.28,219,44,300
463_1,261_1,14.6,Leukocytes,Helper T cells,1,1,130.67,120.4,55,300
465_1,426_1,16.1,Leukocytes,Helper T cells,1,1,125.87,115.6,55,300
466_1,376_1,8.2,Leukocytes,Helper T cells,1,1,218.44,200.2,42,300
471_1,500_1,53.2,Leukocytes,Helper T cells,1,1,174.62,153.4,48,300
482_1,221_1,29.5,Leukocytes,Helper T cells,1,1,138.8,137.75,52,300
485_1,500_1,25.5,Leukocytes,Helper T cells,1,1,139.95,121.6,51,300
493_1,261_1,15.9,Leukocytes,Helper T cells,1,1,126.33,112.4,55,300
500_1,765_1,26,Leukocytes,Helper T cells,1,1,155.87,147.6,48,300
503_1,789_1,16.3,Leukocytes,Helper T cells,1,1,245.96,241.8,39,300
505_1,14_1,81.8,Leukocytes,Helper T cells,1,1,249.6,250.5,39,300
506_1,366_1,8.1,Leukocytes,Helper T cells,1,1,212.25,198.3,40,300
509_1,789_1,25,Leukocytes,Helper T cells,1,1,259.22,256.6,39,300
51_1,701_1,31.3,Leukocytes,Helper T cells,1,1,150.82,150.1,51,300
513_1,689_1,7.8,Leukocytes,Helper T cells,1,1,170.66,168.2,48,300
515_1,701_1,20.1,Leukocytes,Helper T cells,1,1,178.37,162.1,49,300
516_1,789_1,9.8,Leukocytes,Helper T cells,1,1,255.41,252.7,39,300
517_1,701_1,20.6,Leukocytes,Helper T cells,1,1,151.74,142.6,51,300
526_1,582_1,4.1,Leukocytes,Helper T cells,1,1,202.42,200.3,43,300
534_1,408_1,7.4,Leukocytes,Helper T cells,1,1,113.15,105.2,54,300
535_1,366_1,39.8,Leukocytes,Helper T cells,1,1,191.37,168.35,47,300
537_1,366_1,31.1,Leukocytes,Helper T cells,1,1,242.94,228.1,38,300
538_1,785_1,8.4,Leukocytes,Helper T cells,1,1,167.79,145.25,53,300
54_1,538_1,14.6,Leukocytes,Helper T cells,1,1,164.48,143.8,54,300
550_1,246_1,6.1,Leukocytes,Helper T cells,1,1,121.44,106.6,53,300
553_1,701_1,25.5,Leukocytes,Helper T cells,1,1,149.98,144.3,51,300
554_1,366_1,15.3,Leukocytes,Helper T cells,1,1,228.41,219,39,300
557_1,482_1,22.1,Leukocytes,Helper T cells,1,1,124.91,128.6,53,300
559_1,197_1,7.2,Leukocytes,Helper T cells,1,1,166.81,148.85,48,300
578_1,687_1,6.7,Leukocytes,Helper T cells,1,1,114.79,104.8,55,300
582_1,526_1,4.1,Leukocytes,Helper T cells,1,1,198.83,196.25,44,300
585_1,168_1,54.2,Leukocytes,Helper T cells,1,1,161.8,138.3,53,300
586_1,482_1,16.6,Leukocytes,Helper T cells,1,1,136.44,134.7,53,300
593_1,159_1,8.6,Leukocytes,Helper T cells,1,1,117.31,95.75,52,300
595_1,366_1,13.8,Leukocytes,Helper T cells,1,1,213.26,197.6,41,300
605_1,127_1,48.5,Leukocytes,Helper T cells,1,1,268.77,254.4,36,300
615_1,582_1,5.6,Leukocytes,Helper T cells,1,1,194.85,191,45,300
617_1,117_1,10.2,Leukocytes,Helper T cells,1,1,117.16,98.8,54,300
618_1,789_1,3.4,Leukocytes,Helper T cells,1,1,262.97,257.15,38,300
622_1,127_1,28.3,Leukocytes,Helper T cells,1,1,266.93,252.9,34,300
624_1,785_1,8.1,Leukocytes,Helper T cells,1,1,174.94,148.3,54,300
626_1,127_1,66.7,Leukocytes,Helper T cells,1,1,345.65,339.8,19,300
637_1,618_1,2.9,Leukocytes,Helper T cells,1,1,255.9,253.3,39,300
643_1,701_1,39.8,Leukocytes,Helper T cells,1,1,194.26,173.5,48,300
644_1,127_1,53.1,Leukocytes,Helper T cells,1,1,249.57,233,44,300
647_1,274_1,6,Leukocytes,Helper T cells,1,1,261.02,257.6,39,300
660_1,793_1,4.7,Leukocytes,Helper T cells,1,1,159.47,150.65,49,300
670_1,366_1,32.6,Leukocytes,Helper T cells,1,1,243.67,237,39,300
676_1,526_1,81.6,Leukocytes,Helper T cells,1,1,248.27,249,39,300
679_1,537_1,10,Leukocytes,Helper T cells,1,1,230.15,216,39,300
687_1,408_1,15.8,Leukocytes,Helper T cells,1,1,115.85,107.3,54,300
689_1,513_1,7.8,Leukocytes,Helper T cells,1,1,168.99,166.65,48,300
692_1,127_1,75.6,Leukocytes,Helper T cells,1,1,361.96,354.1,15,300
701_1,261_1,67.2,Leukocytes,Helper T cells,1,1,168.57,157.05,48,300
705_1,274_1,11,Leukocytes,Helper T cells,1,1,268.8,267,37,300
708_1,246_1,22.8,Leukocytes,Helper T cells,1,1,123.68,100.9,52,300
724_1,765_1,32.1,Leukocytes,Helper T cells,1,1,135.17,111.1,52,300
737_1,537_1,5,Leukocytes,Helper T cells,1,1,234.31,221,39,300
738_1,660_1,10.5,Leukocytes,Helper T cells,1,1,155.31,140.85,50,300
744_1,535_1,47.1,Leukocytes,Helper T cells,1,1,177.29,154.6,48,300
752_1,559_1,26.2,Leukocytes,Helper T cells,1,1,179.4,154.3,48,300
753_1,267_1,13.2,Leukocytes,Helper T cells,1,1,128.17,106.7,52,300
757_1,366_1,13,Leukocytes,Helper T cells,1,1,217.97,207,39,300
764_1,789_1,8.3,Leukocytes,Helper T cells,1,1,265.55,263.8,37,300
765_1,500_1,26,Leukocytes,Helper T cells,1,1,152.86,144.75,49,300
772_1,274_1,10.1,Leukocytes,Helper T cells,1,1,257.78,253.8,39,300
781_1,738_1,4.6,Leukocytes,Helper T cells,1,1,154.64,145.3,50,300
785_1,538_1,8.4,Leukocytes,Helper T cells,1,1,174.04,151.7,53,300
789_1,618_1,3.4,Leukocytes,Helper T cells,1,1,264.06,258.25,38,300
790_1,537_1,34.4,Leukocytes,Helper T cells,1,1,248.53,241.6,39,300
793_1,660_1,4.7,Leukocytes,Helper T cells,1,1,162.25,155.05,49,300
805_1,482_1,7.2,Leukocytes,Helper T cells,1,1,132.4,132.5,53,300
806_1,426_1,14,Leukocytes,Helper T cells,1,1,133.22,107.6,54,300
807_1,738_1,9,Leukocytes,Helper T cells,1,1,148.4,131.8,51,300
81_1,274_1,28.7,Leukocytes,Helper T cells,1,1,242.93,236.1,39,300
816_1,301_1,7.6,Leukocytes,Helper T cells,1,1,123.5,116.2,53,300
817_1,482_1,23.3,Leukocytes,Helper T cells,1,1,124.87,124.5,53,300
828_1,127_1,75.5,Leukocytes,Helper T cells,1,1,278.28,274.8,32,300
832_1,376_1,7.8,Leukocytes,Helper T cells,1,1,221.66,202.8,41,300
842_1,318_1,14.3,Leukocytes,Helper T cells,1,1,149.33,128.3,53,300
858_1,426_1,23.1,Leukocytes,Helper T cells,1,1,136.3,103.6,53,300
9_1,14_1,33,Leukocytes,Helper T cells,1,1,309.02,314.7,26,300
91_1,95_1,13,Leukocytes,Helper T cells,1,1,136.73,114.65,52,300
92_1,535_1,49.6,Leukocytes,Helper T cells,1,1,194.02,176.9,46,300
95_1,293_1,9.6,Leukocytes,Helper T cells,1,1,142.66,120.75,52,300
100_1,470_1,30,Leukocytes,Tumor cells,1,1,201.62,214.7,114,300
104_1,846_1,35,Leukocytes,Tumor cells,1,1,222.37,138,86,300
105_1,183_1,87.2,Leukocytes,Tumor cells,1,1,235.29,160.15,88,300
107_1,470_1,19.2,Leukocytes,Tumor cells,1,1,197.24,201.7,116,300
110_1,422_1,22.3,Leukocytes,Tumor cells,1,1,214.53,229.9,108,300
115_1,700_1,17.3,Leukocytes,Tumor cells,1,1,194.33,187.75,119,300
117_1,406_1,58.6,Leukocytes,Tumor cells,1,1,170.2,150.55,129,300
120_1,504_1,49.7,Leukocytes,Tumor cells,1,1,259.11,195.8,83,300
124_1,470_1,47.4,Leukocytes,Tumor cells,1,1,209.13,213.85,112,300
126_1,422_1,16,Leukocytes,Tumor cells,1,1,221.28,244.35,104,300
127_1,404_1,47.5,Leukocytes,Tumor cells,1,1,254.34,172.5,84,300
129_1,394_1,38.7,Leukocytes,Tumor cells,1,1,161.49,130.2,119,300
133_1,700_1,24.8,Leukocytes,Tumor cells,1,1,184.34,176.9,121,300
14_1,165_1,49.9,Leukocytes,Tumor cells,1,1,293.76,233.3,83,300
148_1,700_1,16,Leukocytes,Tumor cells,1,1,187.63,174.3,119,300
159_1,290_1,75.1,Leukocytes,Tumor cells,1,1,185.61,177.95,119,300
161_1,394_1,23.9,Leukocytes,Tumor cells,1,1,168.93,136.1,118,300
162_1,183_1,67.9,Leukocytes,Tumor cells,1,1,217.35,138.6,88,300
167_1,290_1,52.9,Leukocytes,Tumor cells,1,1,193.77,188.75,118,300
168_1,290_1,49.8,Leukocytes,Tumor cells,1,1,200.77,195.35,118,300
171_1,680_1,42.1,Leukocytes,Tumor cells,1,1,207.75,147.2,93,300
177_1,290_1,44.2,Leukocytes,Tumor cells,1,1,218.07,211.8,115,300
181_1,700_1,28,Leukocytes,Tumor cells,1,1,189.69,185.05,119,300
186_1,625_1,59.8,Leukocytes,Tumor cells,1,1,315.93,375.4,49,300
190_1,406_1,39.6,Leukocytes,Tumor cells,1,1,166.34,149.65,125,300
192_1,60_1,39.3,Leukocytes,Tumor cells,1,1,221.67,232.6,112,300
197_1,470_1,46.2,Leukocytes,Tumor cells,1,1,215.85,221.75,111,300
205_1,594_1,60,Leukocytes,Tumor cells,1,1,178.87,159.35,131,300
207_1,762_1,43.9,Leukocytes,Tumor cells,1,1,206.28,119.2,88,300
213_1,594_1,76,Leukocytes,Tumor cells,1,1,181.13,168.3,128,300
220_1,406_1,77.2,Leukocytes,Tumor cells,1,1,177.83,165.8,128,300
221_1,290_1,63.6,Leukocytes,Tumor cells,1,1,198.55,193.75,118,300
232_1,406_1,22.3,Leukocytes,Tumor cells,1,1,164.09,145.2,122,300
234_1,404_1,56.9,Leukocytes,Tumor cells,1,1,251.72,169.6,84,300
235_1,298_1,13.3,Leukocytes,Tumor cells,1,1,159.31,107.8,107,300
241_1,406_1,68,Leukocytes,Tumor cells,1,1,176.14,158.85,130,300
246_1,594_1,20.5,Leukocytes,Tumor cells,1,1,165.86,151.35,121,300
261_1,406_1,40.4,Leukocytes,Tumor cells,1,1,164.28,143.45,121,300
267_1,290_1,59.7,Leukocytes,Tumor cells,1,1,190.78,189.05,118,300
274_1,625_1,52.3,Leukocytes,Tumor cells,1,1,303.65,361.45,49,300
283_1,594_1,16.9,Leukocytes,Tumor cells,1,1,169.03,160.85,119,300
284_1,700_1,56.6,Leukocytes,Tumor cells,1,1,171.53,160.65,121,300
285_1,230_1,15.4,Leukocytes,Tumor cells,1,1,224.26,250.4,103,300
291_1,290_1,49.7,Leukocytes,Tumor cells,1,1,208.53,202.85,118,300
293_1,470_1,26,Leukocytes,Tumor cells,1,1,197.53,204.65,115,300
299_1,394_1,43,Leukocytes,Tumor cells,1,1,164.09,137.55,120,300
301_1,290_1,56.9,Leukocytes,Tumor cells,1,1,198.95,193.8,118,300
307_1,184_1,42.2,Leukocytes,Tumor cells,1,1,275.27,211.25,83,300
310_1,406_1,54.1,Leukocytes,Tumor cells,1,1,170.61,150.3,130,300
318_1,470_1,30.7,Leukocytes,Tumor cells,1,1,208.75,220.1,113,300
321_1,290_1,85.1,Leukocytes,Tumor cells,1,1,186.44,178.4,125,300
326_1,758_1,17.5,Leukocytes,Tumor cells,1,1,183.6,137.35,99,300
329_1,762_1,63,Leukocytes,Tumor cells,1,1,218.67,136.9,88,300
330_1,406_1,28.3,Leukocytes,Tumor cells,1,1,166.58,150.9,124,300
350_1,400_1,52,Leukocytes,Tumor cells,1,1,259.4,300.1,66,300
360_1,531_1,20.1,Leukocytes,Tumor cells,1,1,168.44,148.45,109,300
362_1,394_1,53.8,Leukocytes,Tumor cells,1,1,172.27,159.5,121,300
363_1,406_1,87,Leukocytes,Tumor cells,1,1,181.19,171.05,125,300
365_1,594_1,14.5,Leukocytes,Tumor cells,1,1,165.16,150.9,115,300
366_1,596_1,39.1,Leukocytes,Tumor cells,1,1,269.02,317.15,57,300
367_1,531_1,33.1,Leukocytes,Tumor cells,1,1,182.74,174,105,300
370_1,406_1,20.6,Leukocytes,Tumor cells,1,1,162.55,139.25,121,300
371_1,531_1,37.7,Leukocytes,Tumor cells,1,1,188.31,175.9,101,300
375_1,625_1,71.9,Leukocytes,Tumor cells,1,1,294.21,351.35,49,300
376_1,596_1,47.6,Leukocytes,Tumor cells,1,1,270.27,310.6,59,300
38_1,755_1,48.5,Leukocytes,Tumor cells,1,1,197.36,203.7,115,300
382_1,406_1,33.9,Leukocytes,Tumor cells,1,1,163.48,140.6,121,300
391_1,623_1,34.6,Leukocytes,Tumor cells,1,1,308.89,370.3,49,300
399_1,394_1,17.5,Leukocytes,Tumor cells,1,1,164.69,131.65,119,300
408_1,406_1,59.5,Leukocytes,Tumor cells,1,1,173.74,155.7,131,300
412_1,470_1,26.9,Leukocytes,Tumor cells,1,1,203.5,216.3,114,300
417_1,389_1,44.5,Leukocytes,Tumor cells,1,1,248.07,279.35,85,300
426_1,594_1,77.5,Leukocytes,Tumor cells,1,1,195.45,180.6,129,300
427_1,594_1,64.1,Leukocytes,Tumor cells,1,1,191.59,179.3,121,300
430_1,594_1,43.5,Leukocytes,Tumor cells,1,1,172.29,155.5,129,300
432_1,758_1,38.1,Leukocytes,Tumor cells,1,1,195.43,156.15,99,300
439_1,854_1,43.1,Leukocytes,Tumor cells,1,1,201.48,152.15,96,300
44_1,183_1,88.5,Leukocytes,Tumor cells,1,1,243.75,171.4,88,300
442_1,290_1,79.7,Leukocytes,Tumor cells,1,1,184.34,175.4,122,300
446_1,531_1,51.7,Leukocytes,Tumor cells,1,1,188.25,187.2,106,300
455_1,594_1,28,Leukocytes,Tumor cells,1,1,171.44,156.95,124,300
462_1,762_1,33.3,Leukocytes,Tumor cells,1,1,204.21,115.85,88,300
463_1,394_1,52.2,Leukocytes,Tumor cells,1,1,166.12,147.3,121,300
465_1,594_1,75.9,Leukocytes,Tumor cells,1,1,191.44,177.05,128,300
466_1,596_1,40.3,Leukocytes,Tumor cells,1,1,272.2,315.4,58,300
471_1,666_1,14.5,Leukocytes,Tumor cells,1,1,162.21,95.8,104,300
482_1,290_1,84.6,Leukocytes,Tumor cells,1,1,206.34,204.8,118,300
485_1,357_1,12.2,Leukocytes,Tumor cells,1,1,162.08,135.5,111,300
493_1,406_1,56.2,Leukocytes,Tumor cells,1,1,167.9,152.75,122,300
500_1,601_1,8.4,Leukocytes,Tumor cells,1,1,160.43,120.6,105,300
503_1,222_1,69.4,Leukocytes,Tumor cells,1,1,288.15,343.9,49,300
505_1,756_1,15,Leukocytes,Tumor cells,1,1,224.92,155.05,84,300
506_1,596_1,46,Leukocytes,Tumor cells,1,1,263.47,309.2,60,300
509_1,623_1,56,Leukocytes,Tumor cells,1,1,301.58,360.6,49,300
51_1,394_1,31.6,Leukocytes,Tumor cells,1,1,169.57,141.65,119,300
513_1,758_1,28.7,Leukocytes,Tumor cells,1,1,188.14,155.8,101,300
515_1,683_1,12,Leukocytes,Tumor cells,1,1,171.09,130.95,112,300
516_1,596_1,70.8,Leukocytes,Tumor cells,1,1,297.21,355,49,300
517_1,394_1,14.5,Leukocytes,Tumor cells,1,1,164.48,131.6,119,300
526_1,680_1,37.8,Leukocytes,Tumor cells,1,1,207.3,144.8,91,300
534_1,406_1,54.2,Leukocytes,Tumor cells,1,1,171.68,151.1,131,300
535_1,400_1,24.4,Leukocytes,Tumor cells,1,1,242.14,277.95,83,300
537_1,596_1,13,Leukocytes,Tumor cells,1,1,287.9,340.2,52,300
538_1,700_1,21.5,Leukocytes,Tumor cells,1,1,190.73,185.9,119,300
54_1,700_1,35.6,Leukocytes,Tumor cells,1,1,186.65,182.35,119,300
550_1,406_1,22.1,Leukocytes,Tumor cells,1,1,164.96,149.35,121,300
553_1,394_1,22.2,Leukocytes,Tumor cells,1,1,166.19,131.05,118,300
554_1,596_1,37.1,Leukocytes,Tumor cells,1,1,276.15,328.25,54,300
557_1,290_1,86.1,Leukocytes,Tumor cells,1,1,195.13,190.9,122,300
559_1,470_1,46.5,Leukocytes,Tumor cells,1,1,213.52,219.85,112,300
578_1,594_1,39.1,Leukocytes,Tumor cells,1,1,170.56,151.8,128,300
582_1,854_1,39.6,Leukocytes,Tumor cells,1,1,204.88,142.55,93,300
585_1,290_1,30,Leukocytes,Tumor cells,1,1,226.41,233.25,110,300
586_1,290_1,68.1,Leukocytes,Tumor cells,1,1,207.39,202.65,118,300
593_1,290_1,79.4,Leukocytes,Tumor cells,1,1,184.13,174.7,120,300
595_1,596_1,42.3,Leukocytes,Tumor cells,1,1,265.61,309.7,60,300
605_1,846_1,87.7,Leukocytes,Tumor cells,1,1,234.77,159.05,88,300
615_1,854_1,38.9,Leukocytes,Tumor cells,1,1,203.07,142.55,94,300
617_1,406_1,66.9,Leukocytes,Tumor cells,1,1,172.74,154.1,131,300
618_1,625_1,65,Leukocytes,Tumor cells,1,1,299,356.8,49,300
622_1,846_1,55,Leukocytes,Tumor cells,1,1,231.65,150.15,86,300
624_1,700_1,23.8,Leukocytes,Tumor cells,1,1,198.27,193.75,118,300
626_1,404_1,47.1,Leukocytes,Tumor cells,1,1,306.35,230.2,83,300
637_1,625_1,65.6,Leukocytes,Tumor cells,1,1,296.92,354.35,49,300
643_1,797_1,7.8,Leukocytes,Tumor cells,1,1,179.76,129.1,107,300
644_1,762_1,64.2,Leukocytes,Tumor cells,1,1,216.85,135.6,88,300
647_1,625_1,47.4,Leukocytes,Tumor cells,1,1,299.09,355.95,49,300
660_1,531_1,43.2,Leukocytes,Tumor cells,1,1,191.13,180.95,101,300
670_1,596_1,35,Leukocytes,Tumor cells,1,1,288.9,345.4,51,300
676_1,756_1,14.1,Leukocytes,Tumor cells,1,1,223.42,153.25,84,300
679_1,596_1,23,Leukocytes,Tumor cells,1,1,281.05,330.45,54,300
687_1,594_1,44.2,Leukocytes,Tumor cells,1,1,170.7,151.6,129,300
689_1,758_1,35,Leukocytes,Tumor cells,1,1,190.29,163.25,101,300
692_1,404_1,92.9,Leukocytes,Tumor cells,1,1,322.07,245.45,83,300
701_1,683_1,12.2,Leukocytes,Tumor cells,1,1,168.17,137.95,116,300
705_1,625_1,63.3,Leukocytes,Tumor cells,1,1,308.01,367.05,49,300
708_1,594_1,24.4,Leukocytes,Tumor cells,1,1,171.64,159.25,122,300
724_1,594_1,25,Leukocytes,Tumor cells,1,1,168.2,151.55,112,300
737_1,596_1,18,Leukocytes,Tumor cells,1,1,284.46,335.35,53,300
738_1,531_1,46.7,Leukocytes,Tumor cells,1,1,190.35,186.85,103,300
744_1,230_1,3.2,Leukocytes,Tumor cells,1,1,226.83,255.9,98,300
752_1,263_1,26.4,Leukocytes,Tumor cells,1,1,224.14,245.2,103,300
753_1,423_1,54.8,Leukocytes,Tumor cells,1,1,193.22,195.6,118,300
757_1,596_1,47.8,Leukocytes,Tumor cells,1,1,266.76,315.45,58,300
764_1,623_1,74.3,Leukocytes,Tumor cells,1,1,306.28,365.65,49,300
765_1,531_1,5,Leukocytes,Tumor cells,1,1,169.46,146.5,104,300
772_1,625_1,44.8,Leukocytes,Tumor cells,1,1,295.76,352.1,49,300
781_1,531_1,45.9,Leukocytes,Tumor cells,1,1,191.25,185.2,102,300
785_1,700_1,25.6,Leukocytes,Tumor cells,1,1,194.27,190.75,119,300
789_1,625_1,68.4,Leukocytes,Tumor cells,1,1,300.28,358.45,49,300
790_1,596_1,28.5,Leukocytes,Tumor cells,1,1,293.52,351.25,49,300
793_1,531_1,43.8,Leukocytes,Tumor cells,1,1,192.58,177.8,101,300
805_1,290_1,85.5,Leukocytes,Tumor cells,1,1,202.5,200.55,119,300
806_1,594_1,68.1,Leukocytes,Tumor cells,1,1,192.33,178.7,128,300
807_1,531_1,48.6,Leukocytes,Tumor cells,1,1,188.25,186.5,105,300
81_1,457_1,37,Leukocytes,Tumor cells,1,1,280.67,334,51,300
816_1,290_1,59.1,Leukocytes,Tumor cells,1,1,195.81,190.15,118,300
817_1,290_1,90.2,Leukocytes,Tumor cells,1,1,194.48,190,123,300
828_1,282_1,5.8,Leukocytes,Tumor cells,1,1,245.29,174.25,84,300
832_1,596_1,40.8,Leukocytes,Tumor cells,1,1,275.58,318.25,58,300
842_1,470_1,31.5,Leukocytes,Tumor cells,1,1,203.37,216.05,114,300
858_1,594_1,66.6,Leukocytes,Tumor cells,1,1,192.7,178.85,123,300
9_1,165_1,42.4,Leukocytes,Tumor cells,1,1,282.28,217.65,83,300
91_1,470_1,37,Leukocytes,Tumor cells,1,1,193.17,196.3,117,300
92_1,281_1,19.5,Leukocytes,Tumor cells,1,1,239.86,277.55,77,300
95_1,470_1,35.4,Leukocytes,Tumor cells,1,1,197.84,207.4,115,300
102_1,293_1,44.1,Tumor cells,Helper T cells,1,1,157.93,136.3,53,300
165_1,14_1,49.9,Tumor cells,Helper T cells,1,1,349.97,357,16,300
183_1,701_1,61.3,Tumor cells,Helper T cells,1,1,212.89,194.4,48,300
184_1,127_1,73,Tumor cells,Helper T cells,1,1,292.54,287.1,30,300
193_1,701_1,39.6,Tumor cells,Helper T cells,1,1,181.13,159.2,48,300
222_1,274_1,62.8,Tumor cells,Helper T cells,1,1,231.73,219.7,40,300
226_1,701_1,13.3,Tumor cells,Helper T cells,1,1,163.74,152.5,49,300
230_1,535_1,44.5,Tumor cells,Helper T cells,1,1,178.89,156.8,48,300
237_1,500_1,45.9,Tumor cells,Helper T cells,1,1,183.03,168.4,48,300
243_1,127_1,64.1,Tumor cells,Helper T cells,1,1,309.22,302.2,27,300
256_1,127_1,48.9,Tumor cells,Helper T cells,1,1,293.75,286.6,30,300
263_1,197_1,47.6,Tumor cells,Helper T cells,1,1,200.98,177.8,43,300
272_1,127_1,52,Tumor cells,Helper T cells,1,1,279.18,271.2,32,300
280_1,38_1,49.3,Tumor cells,Helper T cells,1,1,161.33,131.8,49,300
281_1,535_1,34.3,Tumor cells,Helper T cells,1,1,183.3,163.2,48,300
282_1,127_1,70.5,Tumor cells,Helper T cells,1,1,275.95,270,33,300
287_1,701_1,46.9,Tumor cells,Helper T cells,1,1,201.86,184.2,48,300
290_1,168_1,49.8,Tumor cells,Helper T cells,1,1,151.68,128.2,53,300
294_1,197_1,61.6,Tumor cells,Helper T cells,1,1,217.77,192.5,40,300
297_1,197_1,71.7,Tumor cells,Helper T cells,1,1,219.28,201.4,40,300
298_1,701_1,34.7,Tumor cells,Helper T cells,1,1,166.15,142,49,300
313_1,274_1,65.9,Tumor cells,Helper T cells,1,1,255.18,241.2,39,300
315_1,197_1,55.6,Tumor cells,Helper T cells,1,1,204.17,185.5,43,300
320_1,701_1,26.7,Tumor cells,Helper T cells,1,1,158.52,141.2,49,300
323_1,535_1,30.2,Tumor cells,Helper T cells,1,1,170.18,144.7,49,300
332_1,526_1,82.8,Tumor cells,Helper T cells,1,1,229.42,223.7,44,300
344_1,197_1,80.8,Tumor cells,Helper T cells,1,1,231.97,209.4,40,300
348_1,326_1,77.7,Tumor cells,Helper T cells,1,1,216.16,205.2,45,300
354_1,500_1,35.6,Tumor cells,Helper T cells,1,1,152.55,128,49,300
357_1,500_1,26.2,Tumor cells,Helper T cells,1,1,139.43,119,51,300
373_1,274_1,73.2,Tumor cells,Helper T cells,1,1,240.17,224.8,40,300
374_1,274_1,74,Tumor cells,Helper T cells,1,1,220.92,206.6,40,300
389_1,535_1,43.1,Tumor cells,Helper T cells,1,1,160.09,140.3,53,300
390_1,526_1,66.2,Tumor cells,Helper T cells,1,1,215.76,211.6,44,300
394_1,701_1,14,Tumor cells,Helper T cells,1,1,158.05,149.9,49,300
400_1,535_1,24.4,Tumor cells,Helper T cells,1,1,176.38,153.7,49,300
404_1,127_1,47.5,Tumor cells,Helper T cells,1,1,302.99,296.2,29,300
406_1,550_1,22.1,Tumor cells,Helper T cells,1,1,128.34,119,52,300
413_1,326_1,21.4,Tumor cells,Helper T cells,1,1,169.89,164.5,48,300
422_1,535_1,48.9,Tumor cells,Helper T cells,1,1,169.21,143.3,49,300
423_1,535_1,50.2,Tumor cells,Helper T cells,1,1,153.92,133.7,53,300
424_1,535_1,41.7,Tumor cells,Helper T cells,1,1,159.4,134.1,52,300
435_1,197_1,80.1,Tumor cells,Helper T cells,1,1,227.19,210.3,40,300
453_1,500_1,38,Tumor cells,Helper T cells,1,1,138.75,119.4,51,300
456_1,197_1,73.7,Tumor cells,Helper T cells,1,1,213.09,198.3,40,300
457_1,274_1,57,Tumor cells,Helper T cells,1,1,245.61,235,39,300
460_1,500_1,67.2,Tumor cells,Helper T cells,1,1,201.83,188.8,48,300
470_1,293_1,26,Tumor cells,Helper T cells,1,1,154.05,134,53,300
477_1,197_1,62.6,Tumor cells,Helper T cells,1,1,206.62,189.3,41,300
479_1,500_1,25.8,Tumor cells,Helper T cells,1,1,152.56,132.3,49,300
484_1,500_1,38.9,Tumor cells,Helper T cells,1,1,175.88,158.4,48,300
492_1,701_1,25.1,Tumor cells,Helper T cells,1,1,165.91,147.8,49,300
495_1,326_1,47.2,Tumor cells,Helper T cells,1,1,193.04,184.1,48,300
499_1,500_1,18,Tumor cells,Helper T cells,1,1,147.34,132.3,50,300
502_1,127_1,56.4,Tumor cells,Helper T cells,1,1,301.37,294.9,29,300
504_1,127_1,73.4,Tumor cells,Helper T cells,1,1,284.02,279.3,31,300
512_1,246_1,31,Tumor cells,Helper T cells,1,1,132.25,113.2,52,300
518_1,127_1,65.5,Tumor cells,Helper T cells,1,1,290.43,282.2,30,300
519_1,326_1,21.5,Tumor cells,Helper T cells,1,1,178.59,167.5,48,300
524_1,535_1,41.6,Tumor cells,Helper T cells,1,1,160.83,131,50,300
529_1,500_1,26.6,Tumor cells,Helper T cells,1,1,167.31,153.2,49,300
531_1,765_1,5,Tumor cells,Helper T cells,1,1,152.13,146.3,49,300
533_1,274_1,79.1,Tumor cells,Helper T cells,1,1,248.86,229.2,40,300
539_1,197_1,86.6,Tumor cells,Helper T cells,1,1,236.38,214.7,40,300
546_1,500_1,11,Tumor cells,Helper T cells,1,1,159.02,153.1,49,300
570_1,326_1,18.2,Tumor cells,Helper T cells,1,1,174.87,162.7,48,300
572_1,500_1,35.4,Tumor cells,Helper T cells,1,1,171.87,153.2,48,300
573_1,500_1,30.9,Tumor cells,Helper T cells,1,1,171.88,159.2,48,300
574_1,326_1,40,Tumor cells,Helper T cells,1,1,189.3,180,48,300
592_1,500_1,17.9,Tumor cells,Helper T cells,1,1,161.81,152.4,49,300
594_1,246_1,20.5,Tumor cells,Helper T cells,1,1,127.4,111.8,52,300
596_1,537_1,13,Tumor cells,Helper T cells,1,1,249.45,238.7,37,300
60_1,293_1,34.7,Tumor cells,Helper T cells,1,1,159.89,140,53,300
600_1,701_1,56.6,Tumor cells,Helper T cells,1,1,186.8,168.2,48,300
601_1,500_1,8.4,Tumor cells,Helper T cells,1,1,151.15,143,49,300
609_1,765_1,13.6,Tumor cells,Helper T cells,1,1,157.42,155,49,300
61_1,293_1,29.7,Tumor cells,Helper T cells,1,1,150.77,128.4,53,300
619_1,500_1,30.4,Tumor cells,Helper T cells,1,1,145.12,125.6,50,300
62_1,197_1,48.9,Tumor cells,Helper T cells,1,1,205.99,178.8,42,300
620_1,500_1,23.6,Tumor cells,Helper T cells,1,1,165.17,164.2,49,300
623_1,537_1,51,Tumor cells,Helper T cells,1,1,283.44,276.4,32,300
625_1,274_1,52.3,Tumor cells,Helper T cells,1,1,255.44,246.2,39,300
627_1,500_1,72.6,Tumor cells,Helper T cells,1,1,205.93,191.9,48,300
631_1,701_1,31.8,Tumor cells,Helper T cells,1,1,170.04,146.3,49,300
634_1,537_1,58,Tumor cells,Helper T cells,1,1,289.63,283.2,30,300
642_1,197_1,65.3,Tumor cells,Helper T cells,1,1,219.97,195.1,40,300
649_1,127_1,58.5,Tumor cells,Helper T cells,1,1,285.61,277.5,31,300
653_1,701_1,60.9,Tumor cells,Helper T cells,1,1,213.95,199.8,48,300
658_1,127_1,53.1,Tumor cells,Helper T cells,1,1,286.39,279.1,31,300
665_1,701_1,45,Tumor cells,Helper T cells,1,1,184.32,163.7,48,300
666_1,701_1,50.1,Tumor cells,Helper T cells,1,1,180.76,160.1,48,300
675_1,500_1,62,Tumor cells,Helper T cells,1,1,197.59,185.3,48,300
680_1,526_1,37.8,Tumor cells,Helper T cells,1,1,233.16,232.3,40,300
683_1,701_1,12.2,Tumor cells,Helper T cells,1,1,169.3,157,49,300
694_1,701_1,50.6,Tumor cells,Helper T cells,1,1,187.37,168,48,300
697_1,500_1,16.9,Tumor cells,Helper T cells,1,1,163.24,157.2,49,300
700_1,538_1,21.5,Tumor cells,Helper T cells,1,1,162.99,133.3,54,300
707_1,127_1,60,Tumor cells,Helper T cells,1,1,278.94,270.2,32,300
710_1,537_1,38.6,Tumor cells,Helper T cells,1,1,273.78,264.7,34,300
721_1,500_1,29.7,Tumor cells,Helper T cells,1,1,144.17,124.7,51,300
723_1,765_1,18.7,Tumor cells,Helper T cells,1,1,160.53,159.8,49,300
725_1,537_1,45.8,Tumor cells,Helper T cells,1,1,279.97,271.8,32,300
731_1,701_1,26.2,Tumor cells,Helper T cells,1,1,176.06,154.6,49,300
741_1,701_1,48.8,Tumor cells,Helper T cells,1,1,201.2,181.4,48,300
746_1,500_1,66.6,Tumor cells,Helper T cells,1,1,201.45,189.9,48,300
747_1,500_1,33.1,Tumor cells,Helper T cells,1,1,135.99,112,51,300
754_1,526_1,83.2,Tumor cells,Helper T cells,1,1,236.7,234,41,300
755_1,38_1,48.5,Tumor cells,Helper T cells,1,1,156.67,133.7,52,300
756_1,526_1,68.2,Tumor cells,Helper T cells,1,1,236.52,236.1,41,300
758_1,326_1,17.5,Tumor cells,Helper T cells,1,1,165.5,167.7,49,300
759_1,537_1,40.5,Tumor cells,Helper T cells,1,1,275.83,266.4,33,300
761_1,701_1,48.6,Tumor cells,Helper T cells,1,1,185.11,165.1,48,300
762_1,500_1,77.2,Tumor cells,Helper T cells,1,1,209.47,193.1,47,300
767_1,537_1,18.2,Tumor cells,Helper T cells,1,1,254.8,244.2,37,300
775_1,550_1,35.2,Tumor cells,Helper T cells,1,1,134.4,115.8,51,300
776_1,500_1,21.7,Tumor cells,Helper T cells,1,1,163.13,162.9,49,300
779_1,537_1,61.1,Tumor cells,Helper T cells,1,1,293.84,286.9,30,300
791_1,537_1,48.6,Tumor cells,Helper T cells,1,1,282.29,274.5,32,300
792_1,537_1,28.2,Tumor cells,Helper T cells,1,1,264.35,253.6,36,300
797_1,701_1,47.6,Tumor cells,Helper T cells,1,1,200.32,180.3,48,300
801_1,500_1,47.6,Tumor cells,Helper T cells,1,1,183.26,167.1,48,300
813_1,535_1,34,Tumor cells,Helper T cells,1,1,165.17,136.4,49,300
825_1,701_1,19.5,Tumor cells,Helper T cells,1,1,166.54,149.2,49,300
829_1,765_1,18,Tumor cells,Helper T cells,1,1,158.57,156.2,49,300
833_1,537_1,37.2,Tumor cells,Helper T cells,1,1,272.64,262.2,34,300
846_1,127_1,55.5,Tumor cells,Helper T cells,1,1,271.94,263.4,34,300
848_1,500_1,25.1,Tumor cells,Helper T cells,1,1,168.9,159.5,48,300
854_1,326_1,19.7,Tumor cells,Helper T cells,1,1,180.07,169.8,48,300
86_1,701_1,69,Tumor cells,Helper T cells,1,1,220.83,207.8,48,300
867_1,274_1,67.5,Tumor cells,Helper T cells,1,1,273.17,257.9,36,300
876_1,765_1,23.9,Tumor cells,Helper T cells,1,1,163.41,163.9,49,300
881_1,537_1,53,Tumor cells,Helper T cells,1,1,285.52,278.5,32,300
102_1,107_1,36.9,Tumor cells,Leukocytes,1,1,172.04,168.05,155,300
165_1,9_1,42.4,Tumor cells,Leukocytes,1,1,354.28,341.5,54,300
183_1,643_1,22.7,Tumor cells,Leukocytes,1,1,213.52,191,133,300
184_1,828_1,15.7,Tumor cells,Leukocytes,1,1,294.35,280.7,95,300
193_1,515_1,24.5,Tumor cells,Leukocytes,1,1,186.65,154.1,135,300
222_1,81_1,37.2,Tumor cells,Leukocytes,1,1,237.1,224.9,119,300
226_1,701_1,13.3,Tumor cells,Leukocytes,1,1,171.45,151.85,138,300
230_1,744_1,3.2,Tumor cells,Leukocytes,1,1,190.41,175.4,138,300
237_1,471_1,33.3,Tumor cells,Leukocytes,1,1,193.45,159.5,133,300
243_1,828_1,37.2,Tumor cells,Leukocytes,1,1,309.21,294.35,88,300
256_1,828_1,31.8,Tumor cells,Leukocytes,1,1,293.44,275.75,96,300
263_1,752_1,26.4,Tumor cells,Leukocytes,1,1,210.37,187.95,133,300
272_1,828_1,23.6,Tumor cells,Leukocytes,1,1,279.81,261.7,101,300
280_1,110_1,22.8,Tumor cells,Leukocytes,1,1,176.61,150.25,141,300
281_1,744_1,14.5,Tumor cells,Leukocytes,1,1,194.24,181.2,138,300
282_1,828_1,5.8,Tumor cells,Leukocytes,1,1,278.41,263.2,102,300
287_1,643_1,13,Tumor cells,Leukocytes,1,1,203.77,184.1,134,300
290_1,585_1,30,Tumor cells,Leukocytes,1,1,170.49,150.7,145,300
294_1,752_1,47.1,Tumor cells,Leukocytes,1,1,225.6,201.3,125,300
297_1,752_1,49.3,Tumor cells,Leukocytes,1,1,226.33,210.1,123,300
298_1,235_1,13.3,Tumor cells,Leukocytes,1,1,174.48,144.4,137,300
313_1,81_1,50.4,Tumor cells,Leukocytes,1,1,259.13,250.1,114,300
315_1,752_1,31.8,Tumor cells,Leukocytes,1,1,212.91,193.15,132,300
320_1,235_1,24.4,Tumor cells,Leukocytes,1,1,167.79,142.05,138,300
323_1,744_1,27,Tumor cells,Leukocytes,1,1,184.07,163.8,140,300
332_1,676_1,30.5,Tumor cells,Leukocytes,1,1,235.9,211.45,119,300
344_1,752_1,62.4,Tumor cells,Leukocytes,1,1,238.17,220.2,121,300
348_1,462_1,34.7,Tumor cells,Leukocytes,1,1,223.2,194.9,124,300
354_1,235_1,22.4,Tumor cells,Leukocytes,1,1,165.49,135.8,138,300
357_1,485_1,12.2,Tumor cells,Leukocytes,1,1,157.53,138.1,145,300
373_1,81_1,51.4,Tumor cells,Leukocytes,1,1,245.29,233.4,119,300
374_1,81_1,46.6,Tumor cells,Leukocytes,1,1,227.46,212.95,122,300
389_1,585_1,33.2,Tumor cells,Leukocytes,1,1,177.05,152.15,145,300
390_1,676_1,38.5,Tumor cells,Leukocytes,1,1,225.4,198.5,123,300
394_1,701_1,14,Tumor cells,Leukocytes,1,1,166.63,151.05,140,300
400_1,535_1,24.4,Tumor cells,Leukocytes,1,1,189.04,172.55,140,300
404_1,828_1,40.9,Tumor cells,Leukocytes,1,1,302.02,284,92,300
406_1,370_1,20.6,Tumor cells,Leukocytes,1,1,147.23,123.9,151,300
413_1,326_1,21.4,Tumor cells,Leukocytes,1,1,188.28,161.1,135,300
422_1,744_1,11.4,Tumor cells,Leukocytes,1,1,182.67,161.95,140,300
423_1,585_1,43,Tumor cells,Leukocytes,1,1,171.71,149.6,145,300
424_1,535_1,41.7,Tumor cells,Leukocytes,1,1,175.92,150.45,144,300
435_1,81_1,55.9,Tumor cells,Leukocytes,1,1,233.49,218.65,122,300
453_1,485_1,30.1,Tumor cells,Leukocytes,1,1,154.95,133.8,145,300
456_1,92_1,42.7,Tumor cells,Leukocytes,1,1,220.32,205.75,124,300
457_1,81_1,37,Tumor cells,Leukocytes,1,1,249.91,239,117,300
460_1,462_1,44.2,Tumor cells,Leukocytes,1,1,210.4,180.2,129,300
470_1,107_1,19.2,Tumor cells,Leukocytes,1,1,169.86,163.45,153,300
477_1,752_1,37.5,Tumor cells,Leukocytes,1,1,214.83,197.65,129,300
479_1,500_1,25.8,Tumor cells,Leukocytes,1,1,166.65,137.85,138,300
484_1,471_1,25.9,Tumor cells,Leukocytes,1,1,186.91,155.9,134,300
492_1,235_1,22.9,Tumor cells,Leukocytes,1,1,173.74,148.8,137,300
495_1,326_1,47.2,Tumor cells,Leukocytes,1,1,205.66,174.05,130,300
499_1,500_1,18,Tumor cells,Leukocytes,1,1,163.58,137.5,141,300
502_1,828_1,32.9,Tumor cells,Leukocytes,1,1,301.22,285.2,92,300
504_1,828_1,6.5,Tumor cells,Leukocytes,1,1,286.33,272.1,99,300
512_1,365_1,16.1,Tumor cells,Leukocytes,1,1,151.28,128.95,149,300
518_1,828_1,16.6,Tumor cells,Leukocytes,1,1,291.69,276.75,96,300
519_1,326_1,21.5,Tumor cells,Leukocytes,1,1,196.13,162.55,131,300
524_1,744_1,34.7,Tumor cells,Leukocytes,1,1,176.7,150.8,142,300
529_1,500_1,26.6,Tumor cells,Leukocytes,1,1,180.36,147.7,136,300
531_1,765_1,5,Tumor cells,Leukocytes,1,1,172.95,154.4,138,300
533_1,81_1,60.4,Tumor cells,Leukocytes,1,1,253.55,240.4,117,300
539_1,81_1,64.4,Tumor cells,Leukocytes,1,1,242.14,225.8,119,300
546_1,500_1,11,Tumor cells,Leukocytes,1,1,174.89,148.8,137,300
570_1,326_1,18.2,Tumor cells,Leukocytes,1,1,193.17,160.35,133,300
572_1,471_1,23.3,Tumor cells,Leukocytes,1,1,183.28,150.4,134,300
573_1,500_1,30.9,Tumor cells,Leukocytes,1,1,184.56,152.4,134,300
574_1,326_1,40,Tumor cells,Leukocytes,1,1,203.31,171.3,130,300
592_1,500_1,17.9,Tumor cells,Leukocytes,1,1,176.33,149.15,137,300
594_1,365_1,14.5,Tumor cells,Leukocytes,1,1,147.69,123.25,151,300
596_1,537_1,13,Tumor cells,Leukocytes,1,1,255.29,258.2,106,300
60_1,107_1,28.2,Tumor cells,Leukocytes,1,1,174.57,169,153,300
600_1,471_1,18.8,Tumor cells,Leukocytes,1,1,192.29,159,134,300
601_1,500_1,8.4,Tumor cells,Leukocytes,1,1,169.99,149,138,300
609_1,765_1,13.6,Tumor cells,Leukocytes,1,1,177.74,155.05,137,300
61_1,107_1,22.5,Tumor cells,Leukocytes,1,1,166.65,157.5,155,300
619_1,500_1,30.4,Tumor cells,Leukocytes,1,1,160.3,134.75,144,300
62_1,752_1,33.3,Tumor cells,Leukocytes,1,1,215.04,189.5,131,300
620_1,500_1,23.6,Tumor cells,Leukocytes,1,1,183.43,159.1,136,300
623_1,391_1,34.6,Tumor cells,Leukocytes,1,1,287.55,295.15,85,300
625_1,81_1,38,Tumor cells,Leukocytes,1,1,259.02,249.7,114,300
627_1,462_1,38.2,Tumor cells,Leukocytes,1,1,213.42,181.5,129,300
631_1,235_1,18.3,Tumor cells,Leukocytes,1,1,177.42,148.1,137,300
634_1,391_1,36.8,Tumor cells,Leukocytes,1,1,293.49,301.85,80,300
642_1,752_1,48.9,Tumor cells,Leukocytes,1,1,227.47,205.5,125,300
649_1,828_1,18.5,Tumor cells,Leukocytes,1,1,286.52,270.15,98,300
653_1,643_1,28.4,Tumor cells,Leukocytes,1,1,214.61,199.7,134,300
658_1,828_1,23.8,Tumor cells,Leukocytes,1,1,286.8,269.6,98,300
665_1,471_1,25,Tumor cells,Leukocytes,1,1,189.5,154.45,134,300
666_1,471_1,14.5,Tumor cells,Leukocytes,1,1,187.09,151,134,300
675_1,462_1,49,Tumor cells,Leukocytes,1,1,206.88,175.05,130,300
680_1,526_1,37.8,Tumor cells,Leukocytes,1,1,249.94,229.55,115,300
683_1,515_1,12,Tumor cells,Leukocytes,1,1,175.96,157.75,137,300
694_1,471_1,24.5,Tumor cells,Leukocytes,1,1,192.27,158.8,134,300
697_1,500_1,16.9,Tumor cells,Leukocytes,1,1,178.36,152.15,136,300
700_1,148_1,16,Tumor cells,Leukocytes,1,1,173.56,169.8,160,300
707_1,828_1,15.5,Tumor cells,Leukocytes,1,1,280.29,263.55,101,300
710_1,537_1,38.6,Tumor cells,Leukocytes,1,1,278.78,284.45,91,300
721_1,485_1,29.1,Tumor cells,Leukocytes,1,1,159.7,136.1,145,300
723_1,765_1,18.7,Tumor cells,Leukocytes,1,1,180.44,159.85,136,300
725_1,391_1,39,Tumor cells,Leukocytes,1,1,284.57,291.1,86,300
731_1,515_1,12.5,Tumor cells,Leukocytes,1,1,181.91,154.3,137,300
741_1,643_1,8.9,Tumor cells,Leukocytes,1,1,203.2,177.05,134,300
746_1,462_1,45.6,Tumor cells,Leukocytes,1,1,210.33,179.95,129,300
747_1,485_1,14.6,Tumor cells,Leukocytes,1,1,154.5,135.5,147,300
754_1,676_1,20.5,Tumor cells,Leukocytes,1,1,243,220.65,116,300
755_1,110_1,35.2,Tumor cells,Leukocytes,1,1,173.31,148.35,144,300
756_1,676_1,14.1,Tumor cells,Leukocytes,1,1,245.45,222,115,300
758_1,326_1,17.5,Tumor cells,Leukocytes,1,1,185.42,162.5,136,300
759_1,537_1,40.5,Tumor cells,Leukocytes,1,1,281.01,286.55,89,300
761_1,471_1,22.6,Tumor cells,Leukocytes,1,1,190.37,155.9,134,300
762_1,462_1,33.3,Tumor cells,Leukocytes,1,1,216.1,185,127,300
767_1,537_1,18.2,Tumor cells,Leukocytes,1,1,260.53,264,104,300
775_1,485_1,24.4,Tumor cells,Leukocytes,1,1,152.19,131,148,300
776_1,500_1,21.7,Tumor cells,Leukocytes,1,1,181.74,157.5,136,300
779_1,391_1,43.5,Tumor cells,Leukocytes,1,1,297.92,305.85,79,300
791_1,391_1,38.2,Tumor cells,Leukocytes,1,1,286.71,293.6,85,300
792_1,537_1,28.2,Tumor cells,Leukocytes,1,1,270.12,274.15,96,300
797_1,643_1,7.8,Tumor cells,Leukocytes,1,1,202.42,176.3,134,300
801_1,471_1,29.7,Tumor cells,Leukocytes,1,1,193.12,158.45,133,300
813_1,535_1,34,Tumor cells,Leukocytes,1,1,180.3,155.05,141,300
825_1,515_1,18.7,Tumor cells,Leukocytes,1,1,173.98,152.05,137,300
829_1,765_1,18,Tumor cells,Leukocytes,1,1,177.91,157.15,137,300
833_1,537_1,37.2,Tumor cells,Leukocytes,1,1,278.25,282.95,90,300
846_1,828_1,22.6,Tumor cells,Leukocytes,1,1,273.15,254.7,104,300
848_1,500_1,25.1,Tumor cells,Leukocytes,1,1,182.87,150,135,300
854_1,326_1,19.7,Tumor cells,Leukocytes,1,1,197.91,164.95,130,300
86_1,643_1,37.3,Tumor cells,Leukocytes,1,1,220.87,207.6,132,300
867_1,81_1,60.1,Tumor cells,Leukocytes,1,1,276.13,268.6,103,300
876_1,765_1,23.9,Tumor cells,Leukocytes,1,1,182.61,160.15,136,300
881_1,391_1,36.3,Tumor cells,Leukocytes,1,1,289.62,297.2,84,300
